{
  "ridge": {
    "overall": {
      "rmse_train": 24.684173640963596,
      "rmse": 32.01263898371366,
      "mae": 22.697134353731293,
      "r2": 0.42266457190718953
    },
    "per_horizon": {
      "72h": {
        "rmse": 32.01263898371366,
        "mae": 22.697134353731293,
        "r2": 0.42266457190718953,
        "samples": 4026
      }
    }
  },
  "lasso": {
    "overall": {
      "rmse_train": 24.688325650735663,
      "rmse": 31.98724956360478,
      "mae": 22.65464063189426,
      "r2": 0.4235799852835297
    },
    "per_horizon": {
      "72h": {
        "rmse": 31.98724956360478,
        "mae": 22.65464063189426,
        "r2": 0.4235799852835297,
        "samples": 4026
      }
    }
  },
  "rf": {
    "overall": {
      "rmse_train": 10.32470036190514,
      "rmse": 30.856231598099974,
      "mae": 20.22314130105344,
      "r2": 0.46362191441400236
    },
    "per_horizon": {
      "72h": {
        "rmse": 30.856231598099974,
        "mae": 20.22314130105344,
        "r2": 0.46362191441400236,
        "samples": 4026
      }
    }
  },
  "gbr": {
    "overall": {
      "rmse_train": 12.694582546221536,
      "rmse": 30.993092540215418,
      "mae": 20.4995773626268,
      "r2": 0.4588532173074189
    },
    "per_horizon": {
      "72h": {
        "rmse": 30.993092540215418,
        "mae": 20.4995773626268,
        "r2": 0.4588532173074189,
        "samples": 4026
      }
    }
  },
  "xgboost": {
    "overall": {
      "rmse_train": 11.661442558865131,
      "rmse": 31.314419929288366,
      "mae": 20.420225143432617,
      "r2": 0.4475741386413574
    },
    "per_horizon": {
      "72h": {
        "rmse": 31.314419929288366,
        "mae": 20.420225143432617,
        "r2": 0.4475741386413574,
        "samples": 4026
      }
    }
  },
  "lightgbm": {
    "overall": {
      "rmse_train": 12.239899455617303,
      "rmse": 30.79351320611854,
      "mae": 20.22912730459847,
      "r2": 0.46580018312391114
    },
    "per_horizon": {
      "72h": {
        "rmse": 30.79351320611854,
        "mae": 20.22912730459847,
        "r2": 0.46580018312391114,
        "samples": 4026
      }
    }
  },
  "catboost": {
    "overall": {
      "rmse_train": 14.711749332305748,
      "rmse": 29.948111790263617,
      "mae": 19.876001947075544,
      "r2": 0.49472926374811754
    },
    "per_horizon": {
      "72h": {
        "rmse": 29.948111790263617,
        "mae": 19.876001947075544,
        "r2": 0.49472926374811754,
        "samples": 4026
      }
    }
  },
  "extratrees": {
    "overall": {
      "rmse_train": 7.60861115439363,
      "rmse": 31.82313379756229,
      "mae": 20.63112188033363,
      "r2": 0.42947964431932795
    },
    "per_horizon": {
      "72h": {
        "rmse": 31.82313379756229,
        "mae": 20.63112188033363,
        "r2": 0.42947964431932795,
        "samples": 4026
      }
    }
  }
}