{
  "ridge": {
    "overall": {
      "rmse_train": 24.64281927851969,
      "rmse": 32.01005119813065,
      "mae": 22.694998522575617,
      "r2": 0.4240882682682333
    },
    "per_horizon": {
      "72h": {
        "rmse": 32.01005119813065,
        "mae": 22.694998522575617,
        "r2": 0.4240882682682333,
        "samples": 4017
      }
    }
  },
  "lasso": {
    "overall": {
      "rmse_train": 24.647031929332652,
      "rmse": 31.98370129985636,
      "mae": 22.652019703739928,
      "r2": 0.4250360311766651
    },
    "per_horizon": {
      "72h": {
        "rmse": 31.98370129985636,
        "mae": 22.652019703739928,
        "r2": 0.4250360311766651,
        "samples": 4017
      }
    }
  },
  "rf": {
    "overall": {
      "rmse_train": 10.284014795706494,
      "rmse": 30.862779797392086,
      "mae": 20.178170167227304,
      "r2": 0.46463094060566523
    },
    "per_horizon": {
      "72h": {
        "rmse": 30.862779797392086,
        "mae": 20.178170167227304,
        "r2": 0.46463094060566523,
        "samples": 4017
      }
    }
  },
  "gbr": {
    "overall": {
      "rmse_train": 12.83716288588461,
      "rmse": 30.76634019498964,
      "mae": 20.278132640632872,
      "r2": 0.46797154128908125
    },
    "per_horizon": {
      "72h": {
        "rmse": 30.76634019498964,
        "mae": 20.278132640632872,
        "r2": 0.46797154128908125,
        "samples": 4017
      }
    }
  },
  "xgboost": {
    "overall": {
      "rmse_train": 11.741179706627452,
      "rmse": 31.184448826824124,
      "mae": 20.596134185791016,
      "r2": 0.4534129500389099
    },
    "per_horizon": {
      "72h": {
        "rmse": 31.184448826824124,
        "mae": 20.596134185791016,
        "r2": 0.4534129500389099,
        "samples": 4017
      }
    }
  },
  "lightgbm": {
    "overall": {
      "rmse_train": 12.274719875100567,
      "rmse": 30.668519259446764,
      "mae": 20.38216326598133,
      "r2": 0.47134930969395106
    },
    "per_horizon": {
      "72h": {
        "rmse": 30.668519259446764,
        "mae": 20.38216326598133,
        "r2": 0.47134930969395106,
        "samples": 4017
      }
    }
  },
  "catboost": {
    "overall": {
      "rmse_train": 14.737103791879578,
      "rmse": 30.106382286645726,
      "mae": 20.17586371839133,
      "r2": 0.49055144840201537
    },
    "per_horizon": {
      "72h": {
        "rmse": 30.106382286645726,
        "mae": 20.17586371839133,
        "r2": 0.49055144840201537,
        "samples": 4017
      }
    }
  },
  "extratrees": {
    "overall": {
      "rmse_train": 7.629794164468724,
      "rmse": 31.756449030644546,
      "mae": 20.558955464799233,
      "r2": 0.4331775325395769
    },
    "per_horizon": {
      "72h": {
        "rmse": 31.756449030644546,
        "mae": 20.558955464799233,
        "r2": 0.4331775325395769,
        "samples": 4017
      }
    }
  }
}