{
  "ridge": {
    "overall": {
      "rmse_train": 24.74468885839817,
      "rmse": 32.01935126812009,
      "mae": 22.73948611754733,
      "r2": 0.42302938635015075
    },
    "per_horizon": {
      "72h": {
        "rmse": 32.01935126812009,
        "mae": 22.73948611754733,
        "r2": 0.42302938635015075,
        "samples": 4037
      }
    }
  },
  "lasso": {
    "overall": {
      "rmse_train": 24.748912653069876,
      "rmse": 31.99215946837805,
      "mae": 22.694549893677525,
      "r2": 0.42400893197063083
    },
    "per_horizon": {
      "72h": {
        "rmse": 31.99215946837805,
        "mae": 22.694549893677525,
        "r2": 0.42400893197063083,
        "samples": 4037
      }
    }
  },
  "rf": {
    "overall": {
      "rmse_train": 10.368805685970669,
      "rmse": 31.017598884348914,
      "mae": 20.349274381020887,
      "r2": 0.4585666688375527
    },
    "per_horizon": {
      "72h": {
        "rmse": 31.017598884348914,
        "mae": 20.349274381020887,
        "r2": 0.4585666688375527,
        "samples": 4037
      }
    }
  },
  "gbr": {
    "overall": {
      "rmse_train": 12.6394805577758,
      "rmse": 31.247559143505814,
      "mae": 20.69996918743257,
      "r2": 0.45050868260480514
    },
    "per_horizon": {
      "72h": {
        "rmse": 31.247559143505814,
        "mae": 20.69996918743257,
        "r2": 0.45050868260480514,
        "samples": 4037
      }
    }
  },
  "xgboost": {
    "overall": {
      "rmse_train": 11.673236486649373,
      "rmse": 31.49445015594017,
      "mae": 20.67329216003418,
      "r2": 0.4417911171913147
    },
    "per_horizon": {
      "72h": {
        "rmse": 31.49445015594017,
        "mae": 20.67329216003418,
        "r2": 0.4417911171913147,
        "samples": 4037
      }
    }
  },
  "lightgbm": {
    "overall": {
      "rmse_train": 12.219972148945883,
      "rmse": 30.22211115246248,
      "mae": 20.029724295081664,
      "r2": 0.4859821106391865
    },
    "per_horizon": {
      "72h": {
        "rmse": 30.22211115246248,
        "mae": 20.029724295081664,
        "r2": 0.4859821106391865,
        "samples": 4037
      }
    }
  },
  "catboost": {
    "overall": {
      "rmse_train": 14.862582238353554,
      "rmse": 30.573467730830814,
      "mae": 20.405226794722253,
      "r2": 0.47396088568541617
    },
    "per_horizon": {
      "72h": {
        "rmse": 30.573467730830814,
        "mae": 20.405226794722253,
        "r2": 0.47396088568541617,
        "samples": 4037
      }
    }
  },
  "extratrees": {
    "overall": {
      "rmse_train": 7.590051945108806,
      "rmse": 31.876846087793748,
      "mae": 20.713879338155596,
      "r2": 0.42815368345272276
    },
    "per_horizon": {
      "72h": {
        "rmse": 31.876846087793748,
        "mae": 20.713879338155596,
        "r2": 0.42815368345272276,
        "samples": 4037
      }
    }
  }
}