{
  "ridge": {
    "overall": {
      "rmse_train": 24.778191447987407,
      "rmse": 31.56860039683589,
      "mae": 22.067001187829007,
      "r2": 0.4409748338072267
    },
    "per_horizon": {
      "72h": {
        "rmse": 31.56860039683589,
        "mae": 22.067001187829007,
        "r2": 0.4409748338072267,
        "samples": 4010
      }
    }
  },
  "lasso": {
    "overall": {
      "rmse_train": 24.781346027932752,
      "rmse": 31.580488727877814,
      "mae": 22.069220505937878,
      "r2": 0.4405537110758485
    },
    "per_horizon": {
      "72h": {
        "rmse": 31.580488727877814,
        "mae": 22.069220505937878,
        "r2": 0.4405537110758485,
        "samples": 4010
      }
    }
  },
  "rf": {
    "overall": {
      "rmse_train": 10.211995695609135,
      "rmse": 30.789262437924656,
      "mae": 20.092836601703326,
      "r2": 0.4682355810476927
    },
    "per_horizon": {
      "72h": {
        "rmse": 30.789262437924656,
        "mae": 20.092836601703326,
        "r2": 0.4682355810476927,
        "samples": 4010
      }
    }
  },
  "gbr": {
    "overall": {
      "rmse_train": 12.674450975304794,
      "rmse": 30.445573738431825,
      "mae": 19.87520662548108,
      "r2": 0.4800410846195907
    },
    "per_horizon": {
      "72h": {
        "rmse": 30.445573738431825,
        "mae": 19.87520662548108,
        "r2": 0.4800410846195907,
        "samples": 4010
      }
    }
  },
  "xgboost": {
    "overall": {
      "rmse_train": 11.873010729762797,
      "rmse": 30.96272448634305,
      "mae": 20.380069732666016,
      "r2": 0.46222686767578125
    },
    "per_horizon": {
      "72h": {
        "rmse": 30.96272448634305,
        "mae": 20.380069732666016,
        "r2": 0.46222686767578125,
        "samples": 4010
      }
    }
  },
  "lightgbm": {
    "overall": {
      "rmse_train": 12.360951090112353,
      "rmse": 30.525426875552956,
      "mae": 20.124014896090188,
      "r2": 0.4773099946395658
    },
    "per_horizon": {
      "72h": {
        "rmse": 30.525426875552956,
        "mae": 20.124014896090188,
        "r2": 0.4773099946395658,
        "samples": 4010
      }
    }
  },
  "catboost": {
    "overall": {
      "rmse_train": 14.661465324210825,
      "rmse": 29.480867621546903,
      "mae": 19.60236546542022,
      "r2": 0.5124701344986149
    },
    "per_horizon": {
      "72h": {
        "rmse": 29.480867621546903,
        "mae": 19.60236546542022,
        "r2": 0.5124701344986149,
        "samples": 4010
      }
    }
  },
  "extratrees": {
    "overall": {
      "rmse_train": 7.69548303179719,
      "rmse": 31.53890490185181,
      "mae": 20.40893768813794,
      "r2": 0.4420260505882786
    },
    "per_horizon": {
      "72h": {
        "rmse": 31.53890490185181,
        "mae": 20.40893768813794,
        "r2": 0.4420260505882786,
        "samples": 4010
      }
    }
  }
}