{
  "ridge": {
    "overall": {
      "rmse_train": 24.773930903526818,
      "rmse": 31.573315940367703,
      "mae": 22.06866328236515,
      "r2": 0.44103417378596244
    },
    "per_horizon": {
      "72h": {
        "rmse": 31.573315940367703,
        "mae": 22.06866328236515,
        "r2": 0.44103417378596244,
        "samples": 4009
      }
    }
  },
  "lasso": {
    "overall": {
      "rmse_train": 24.777085704563277,
      "rmse": 31.584957753148842,
      "mae": 22.070662421344238,
      "r2": 0.4406218905007886
    },
    "per_horizon": {
      "72h": {
        "rmse": 31.584957753148842,
        "mae": 22.070662421344238,
        "r2": 0.4406218905007886,
        "samples": 4009
      }
    }
  },
  "rf": {
    "overall": {
      "rmse_train": 10.209037316411413,
      "rmse": 30.76840119404987,
      "mae": 20.042670705613354,
      "r2": 0.4691708964797314
    },
    "per_horizon": {
      "72h": {
        "rmse": 30.76840119404987,
        "mae": 20.042670705613354,
        "r2": 0.4691708964797314,
        "samples": 4009
      }
    }
  },
  "gbr": {
    "overall": {
      "rmse_train": 13.015985616411996,
      "rmse": 30.585301307589553,
      "mae": 20.073710782960678,
      "r2": 0.4754699270683116
    },
    "per_horizon": {
      "72h": {
        "rmse": 30.585301307589553,
        "mae": 20.073710782960678,
        "r2": 0.4754699270683116,
        "samples": 4009
      }
    }
  },
  "xgboost": {
    "overall": {
      "rmse_train": 11.722550815920396,
      "rmse": 30.79827911721743,
      "mae": 20.174930572509766,
      "r2": 0.46813952922821045
    },
    "per_horizon": {
      "72h": {
        "rmse": 30.79827911721743,
        "mae": 20.174930572509766,
        "r2": 0.46813952922821045,
        "samples": 4009
      }
    }
  },
  "lightgbm": {
    "overall": {
      "rmse_train": 12.032969430420009,
      "rmse": 30.359475268720782,
      "mae": 19.934806009883626,
      "r2": 0.4831870491778629
    },
    "per_horizon": {
      "72h": {
        "rmse": 30.359475268720782,
        "mae": 19.934806009883626,
        "r2": 0.4831870491778629,
        "samples": 4009
      }
    }
  },
  "catboost": {
    "overall": {
      "rmse_train": 14.657607621146834,
      "rmse": 29.318988167685713,
      "mae": 19.524631937801757,
      "r2": 0.5180046786682291
    },
    "per_horizon": {
      "72h": {
        "rmse": 29.318988167685713,
        "mae": 19.524631937801757,
        "r2": 0.5180046786682291,
        "samples": 4009
      }
    }
  },
  "extratrees": {
    "overall": {
      "rmse_train": 7.716394960322743,
      "rmse": 31.452919236066688,
      "mae": 20.340335418248696,
      "r2": 0.44528899024613067
    },
    "per_horizon": {
      "72h": {
        "rmse": 31.452919236066688,
        "mae": 20.340335418248696,
        "r2": 0.44528899024613067,
        "samples": 4009
      }
    }
  }
}