{
  "pm25_lag1": 0.136846964600935,
  "pm25_lag6": 0.03706514399923206,
  "pm25_lag24": 0.05812338371289445,
  "pm25_ma6": 0.02973223386597159,
  "pm25_ma24": 0.07261184081328602,
  "pm25_change_1hr": 0.033130708445538275,
  "temperature_2m": 0.30697411431685756,
  "relative_humidity_2m": 0.05779829829798523,
  "wind_speed_10m": 0.03225348871691711,
  "pressure_msl": 0.09449708753084099,
  "hour": 0.060976784683637875,
  "day_of_week": 0.060374038441903005,
  "month": 0.019615912574000912
}