{
  "pm25_lag1": 0.0495098886874775,
  "pm25_lag6": 0.02543993190730642,
  "pm25_lag24": 0.058730942917573616,
  "pm25_ma6": 0.029356932429944606,
  "pm25_ma24": 0.0748027107862082,
  "pm25_change_1hr": 0.02763714547267747,
  "temperature_2m": 0.3023840100318095,
  "relative_humidity_2m": 0.06864060421702686,
  "wind_speed_10m": 0.04605829360668692,
  "pressure_msl": 0.11297847314000857,
  "hour": 0.09830938418402853,
  "day_of_week": 0.06642370678512691,
  "month": 0.03972797583412498
}