{
  "pm25_lag1": 0.5074274732099749,
  "pm25_lag6": 0.062431376035920694,
  "pm25_lag24": 0.014230547475887138,
  "pm25_ma6": 0.14016669049529945,
  "pm25_ma24": 0.009819209139255186,
  "pm25_change_1hr": 0.6195665665427705,
  "temperature_2m": 1.329877058775225,
  "relative_humidity_2m": 0.20878181166765394,
  "wind_speed_10m": 0.09749648932807609,
  "pressure_msl": 0.5351682216771422,
  "hour": 0.13324048313648018,
  "day_of_week": 1.0613458199469024,
  "month": 0.2214344408450428
}